CAS,SMILES
80-05-7,OC1=CC=C(CC2=CC=C(O)C=C2)C=C1
34256-82-1,CCOC(=O)CN(CC(=O)OCC)C(=O)CCl
99-71-8,CCC(C)c1ccc(O)cc1
58-08-2,Cn1cnc2c1c(=O)n(C)c(=O)n2C
298-46-4,NC(=O)N1c2ccccc2C=Cc2ccccc21
2921-88-2,CCOP(=S)(OCC)Oc1nc(Cl)c(Cl)cc1Cl
138261-41-3,O=[N+]([O-])/C(=N/Cc1ccc(Cl)nc1)NC1CCCCC1
87-86-5,Oc1c(Cl)c(Cl)c(Cl)c(Cl)c1Cl
62-44-2,CCOC(=O)Nc1ccc(OCC)cc1
57-41-0,O=C1NC(=O)C(c2ccccc2)(c2ccccc2)N1
94-75-7,OC(=O)COc1ccc(Cl)cc1Cl
1912-24-9,CCNc1nc(Cl)nc(NC(C)C)n1
330-54-1,CN(C)C(=O)Nc1ccc(Cl)cc1Cl
15307-79-6,O=C(Cc1ccccc1Cl)Nc1ccc(cc1)Cl
137-26-8,S=C(N(C)C)SSC(=S)N(C)C
52-68-6,COP(=O)(OC)C(Cl)(Cl)O
2104-64-5,CCOP(=S)(Oc1ccc([N+](=O)[O-])cc1)c1ccccc1
62-73-7,COP(=O)(OC)OC=C(Cl)Cl
56-72-4,CCOP(=S)(OCC)Oc1ccc2c(c1)OC(=O)C2
116-06-3,CNC(=O)O\N=C\C(C)(C)SC
101-05-3,Clc1nc(Cl)nc(Nc2ccccc2Cl)n1
79622-59-6,[O-][N+](=O)c1cc(c(Cl)c(c1Nc2ncc(cc2Cl)C(F)(F)F)[N+]([O-])=O)C(F)(F)F
142459-58-3,CC(C)N(C(=O)COc1sc(nn1)C(F)(F)F)c2ccc(F)cc2
126-73-8,CCCCO[P](=O)(OCCCC)OCCCC
57-97-6,Cc1c2ccccc2c(C)c3c4ccccc4ccc13
443-48-1,Cc1ncc(n1CCO)[N+]([O-])=O
50-35-1,O=C1CCC(N2C(=O)c3ccccc3C2=O)C(=O)N1
99-65-0,[O-][N+](=O)c1cccc(c1)[N+]([O-])=O
79-95-8,CC(C)(c1cc(Cl)c(O)c(Cl)c1)c2cc(Cl)c(O)c(Cl)c2
1702-17-6,OC(=O)c1nc(Cl)ccc1Cl
131807-57-3,CC1(OC(=O)N(Nc2ccccc2)C1=O)c3ccc(Oc4ccccc4)cc3
4707-47-5,COC(=O)c1c(C)cc(O)c(C)c1O
6923-22-4,CNC(=O)\C=C(/C)O[P](=O)(OC)OC
2971-36-0,Oc1ccc(cc1)C(c2ccc(O)cc2)C(Cl)(Cl)Cl
94-82-6,OC(=O)CCCOc1ccc(Cl)cc1Cl
90-43-7,Oc1ccccc1c2ccccc2
1007-28-9,CCNc1nc(N)nc(Cl)n1
71751-41-2,CCC(C)[C@H]1O[C@@]2(C[C@@H]3C[C@@H](C\C=C(C)\[C@@H](O[C@H]4C[C@H](OC)[C@@H](O[C@H]5C[C@H](OC)[C@@H](O)[C@H](C)O5)[C@H](C)O4)[C@@H](C)/C=C/C=C/6CO[C@@H]7[C@H](O)C(=C[C@@H](C(=O)O3)[C@]67O)C)O2)C=C[C@@H]1C.CO[C@H]8C[C@@H](O[C@@H](C)[C@@H]8O)O[C@H]9[C@H](C)O[C@H](C[C@@H]9OC)O[C@H]/%10[C@@H](C)/C=C/C=C/%11CO[C@@H]%12[C@H](O)C(=C[C@@H](C(=O)O[C@H]%13C[C@@H](C\C=C%10C)O[C@@]%14(C%13)O[C@H](C(C)C)[C@@H](C)C=C%14)[C@]%11%12O)C
30560-19-1,CO[P](=O)(NC(C)=O)SC
135410-20-7,CN(Cc1ccc(Cl)nc1)C(C)=NC#N
50594-66-6,OC(=O)c1cc(Oc2ccc(cc2Cl)C(F)(F)F)ccc1[N+]([O-])=O
15972-60-8,CCc1cccc(CC)c1N(COC)C(=O)CCl
121-75-5,CCOC(=O)CC(S[P](=S)(OC)OC)C(=O)OCC
834-12-8,CCNc1nc(NC(C)C)nc(SC)n1
33089-61-1,CN(C=Nc1ccc(C)cc1C)C=Nc2ccc(C)cc2C
104206-82-8,C[S](=O)(=O)c1ccc(C(=O)C2C(=O)CCCC2=O)c(c1)[N+]([O-])=O
86-50-0,CO[P](=S)(OC)SCN1N=Nc2ccccc2C1=O
131860-33-8,CO\C=C(C(=O)OC)/c1ccccc1Oc2cc(Oc3ccccc3C#N)ncn2
22781-23-3,CNC(=O)Oc1cccc2OC(C)(C)Oc12
83055-99-6,COC(=O)c1ccccc1C[S](=O)(=O)NC(=O)Nc2nc(OC)cc(OC)n2
741-58-2,CC(C)O[P](=S)(OC(C)C)SCCN[S](=O)(=O)c1ccccc1
25057-89-0,CC(C)N1C(=O)c2ccccc2N[S]1(=O)=O
149877-41-8,COc1ccc(cc1NNC(=O)OC(C)C)c2ccccc2
82657-04-3,Cc1c(COC(=O)C2C(\C=C(/Cl)C(F)(F)F)C2(C)C)cccc1c3ccccc3
113-48-4,CCCCC(CC)CN1C(=O)C2C3CC(C=C3)C2C1=O
188425-85-6,Clc1ccc(cc1)c2ccccc2NC(=O)c3cccnc3Cl
314-40-9,CCC(C)N1C(=O)NC(=C(Br)C1=O)C
1689-84-5,Oc1c(Br)cc(cc1Br)C#N
69327-76-0,CC(C)N1C(=O)N(CSC1=NC(C)(C)C)c2ccccc2
23184-66-9,CCCCOCN(C(=O)CCl)c1c(CC)cccc1CC
33629-47-9,CCC(C)Nc1c(cc(cc1[N+]([O-])=O)C(C)(C)C)[N+]([O-])=O
2008-41-5,CCSC(=O)N(CC(C)C)CC(C)C
63-25-2,CNC(=O)Oc1cccc2ccccc12
5234-68-4,CC1=C(SCCO1)C(=O)Nc2ccccc2
54593-83-8,CCO[P](=S)(OCC)OC(Cl)C(Cl)(Cl)Cl
1698-60-8,NC1=C(Cl)C(=O)N(N=C1)c2ccccc2
101-21-3,CC(C)OC(=O)Nc1cccc(Cl)c1
5598-13-0,CO[P](=S)(OC)Oc1nc(Cl)c(Cl)cc1Cl
87818-31-3,CC(C)C12CCC(C)(O1)C(C2)OCc3ccccc3C
74115-24-5,Clc1ccccc1c2nnc(nn2)c3ccccc3Cl
81777-89-1,CC1(C)CON(Cc2ccccc2Cl)C1=O
101-10-0,CC(Oc1cccc(Cl)c1)C(O)=O
210880-92-5,CN=C(NCc1sc(Cl)nc1)N[N+]([O-])=O
21725-46-2,CCNc1nc(Cl)nc(NC(C)(C)C#N)n1
113136-77-9,OC(=O)C1CC1C(=O)Nc2ccc(Cl)cc2Cl
1134-23-2,CCSC(=O)N(CC)C1CCCCC1
94361-06-5,CC(C1CC1)C(O)(Cn2cncn2)c3ccc(Cl)cc3
121552-61-2,Cc1cc(nc(Nc2ccccc2)n1)C3CC3
66215-27-8,Nc1nc(N)nc(NC2CC2)n1
584-79-2,CC(C)=CC1C(C(=O)OC2CC(=O)C(=C2C)CC=C)C1(C)C
533-74-4,CN1CSC(=S)N(C)C1
333-41-5,CCO[P](=S)(OCC)Oc1cc(C)nc(n1)C(C)C
962-58-3,CCO[P](=O)(OCC)Oc1cc(C)nc(n1)C(C)C
1918-00-9,COc1c(Cl)ccc(Cl)c1C(O)=O
1194-65-6,Clc1cccc(Cl)c1C#N
99-30-9,Nc1c(Cl)cc(cc1Cl)[N+]([O-])=O
120-36-5,CC(Oc1ccc(Cl)cc1Cl)C(O)=O
51338-27-3,COC(=O)C(C)Oc1ccc(Oc2ccc(Cl)cc2Cl)cc1
145701-21-9,CCOc1nc(F)cc2nc(nn12)[S](=O)(=O)Nc3c(Cl)cccc3Cl
115-32-2,OC(c1ccc(Cl)cc1)(c2ccc(Cl)cc2)C(Cl)(Cl)Cl
141-66-2,CO[P](=O)(OC)OC(/C)=C/C(=O)N(C)C
117-81-7,CCCCC(CC)COC(=O)c1ccccc1C(=O)OCC(CC)CCCC
134-62-3,CCN(CC)C(=O)c1cccc(C)c1
119446-68-3,CC1COC(Cn2cncn2)(O1)c3ccc(Oc4ccc(Cl)cc4)cc3Cl
43222-48-6,CO[S]([O-])(=O)=O.Cn1c(cc(c2ccccc2)[n+]1C)c3ccccc3
87674-68-8,COCC(C)N(C(=O)CCl)c1c(C)scc1C
60-51-5,CNC(=O)CS[P](=S)(OC)OC
110488-70-5,COc1ccc(cc1OC)C(=C\C(=O)N2CCOCC2)/c3ccc(Cl)cc3
131-11-3,COC(=O)c1ccccc1C(=O)OC
83657-24-3,CC(C)(C)C(O)\C(=C/c1ccc(Cl)cc1Cl)n2cncn2
122-39-4,N(c1ccccc1)c2ccccc2
97886-45-8,CSC(=O)c1c(CC(C)C)c(C(=O)SC)c(nc1C(F)F)C(F)(F)F
155569-91-8,CC[C@H](C)[C@H]1O[C@@]2(C[C@@H]3C[C@@H](C\C=C(C)\[C@@H](O[C@H]4C[C@H](OC)[C@@H](O[C@H]5C[C@H](OC)[C@@H]([NH2+]C)[C@H](C)O5)[C@H](C)O4)[C@@H](C)/C=C/C=C/6CO[C@@H]7[C@H](O)C(=C[C@@H](C(=O)O3)[C@]67O)C)O2)C=C[C@@H]1C.[O-]C(=O)c8ccccc8
115-29-7,ClC1=C(Cl)C2(Cl)C3CO[S](=O)OCC3C1(Cl)C2(Cl)Cl
759-94-4,CCCN(CCC)C(=O)SCC
66230-04-4,CC(C)[C@@H](C(=O)O[C@@H](C#N)c1cccc(Oc2ccccc2)c1)c3ccc(Cl)cc3
55283-68-6,CCN(CC(C)=C)c1c(cc(cc1[N+]([O-])=O)C(F)(F)F)[N+]([O-])=O
97780-06-8,CCOc1nc(NC)nc(NC(=O)N[S](=O)(=O)c2ccccc2C(=O)OC)n1
26225-79-6,CCOC1Oc2ccc(O[S](C)(=O)=O)cc2C1(C)C
13194-48-4,CCCS[P](=O)(OCC)SCCC
153233-91-1,CCOc1cc(ccc1C2COC(=N2)c3c(F)cccc3F)C(C)(C)C
2593-15-9,CCOc1snc(n1)C(Cl)(Cl)Cl
161326-34-7,CSC1=N[C@](C)(C(=O)N1Nc2ccccc2)c3ccccc3
22224-92-6,CCO[P](=O)(NC(C)C)Oc1ccc(SC)c(C)c1
60168-88-9,OC(c1ccc(Cl)cc1)(c2cncnc2)c3ccccc3Cl
114369-43-6,Clc1ccc(CCC(Cn2cncn2)(C#N)c3ccccc3)cc1
126833-17-8,CC1(CCCCC1)C(=O)Nc2ccc(O)c(Cl)c2Cl
122-14-5,CO[P](=S)(OC)Oc1ccc(c(C)c1)[N+]([O-])=O
66441-23-4,CCOC(=O)C(C)Oc1ccc(Oc2oc3cc(Cl)ccc3n2)cc1
72490-01-8,CCOC(=O)NCCOc1ccc(Oc2ccccc2)cc1
55-38-9,CO[P](=S)(OC)Oc1ccc(SC)c(C)c1
120068-37-3,Nc1n(nc(C#N)c1[S](=O)C(F)(F)F)c2c(Cl)cc(cc2Cl)C(F)(F)F
79241-46-6,CCCCOC(=O)[C@@H](C)Oc1ccc(Oc2ccc(cn2)C(F)(F)F)cc1
3380-34-5,Oc1cc(Cl)ccc1Oc2ccc(Cl)cc2Cl
131341-86-1,FC1(F)Oc2cccc(c2O1)c3c[nH]cc3C#N
68694-11-1,CCCOCC(=Nc1ccc(Cl)cc1C(F)(F)F)n2ccnc2
62924-70-3,CCN(Cc1c(F)cccc1Cl)c2c(cc(cc2[N+]([O-])=O)C(F)(F)F)[N+]([O-])=O
98967-40-9,Cc1ccn2nc(nc2n1)[S](=O)(=O)Nc3c(F)cccc3F
103361-09-7,Fc1cc2OCC(=O)N(CC#C)c2cc1N3C(=O)C4=C(CCCC4)C3=O
2164-17-2,CN(C)C(=O)Nc1cccc(c1)C(F)(F)F
361377-29-9,CO\N=C(C1=NOCCO1)/c2ccccc2Oc3ncnc(Oc4ccccc4Cl)c3F
69377-81-7,Nc1c(Cl)c(F)nc(OCC(O)=O)c1Cl
81406-37-3,CCCCCCC(C)OC(=O)COc1nc(F)c(Cl)c(N)c1Cl
85509-19-9,C[Si](Cn1cncn1)(c2ccc(F)cc2)c3ccc(F)cc3
66332-96-5,CC(C)Oc1cccc(NC(=O)c2ccccc2C(F)(F)F)c1
173159-57-4,COc1cc(OC)nc(NC(=O)N[S](=O)(=O)c2c(NC=O)cccc2C(=O)N(C)C)n1
68157-60-8,Clc1cc(NC(=O)Nc2ccccc2)ccn1
23422-53-9,[H+].[Cl-].CNC(=O)Oc1cccc(c1)N=CN(C)C
98886-44-3,CCO[P](=O)(SC(C)CC)N1CCSC1=O
100784-20-1,COC(=O)c1c(Cl)nn(C)c1[S](=O)(=O)NC(=O)Nc2nc(OC)cc(OC)n2
79983-71-4,CCCCC(O)(Cn1cncn1)c2ccc(Cl)cc2Cl
51235-04-2,CN(C)C1=NC(=O)N(C2CCCCC2)C(=O)N1C
78587-05-0,C[C@H]1C(SC(=O)N1C(=O)NC2CCCCC2)c3ccc(Cl)cc3
119515-38-7,CCC(C)OC(=O)N1CCCCC1CCO
35554-44-0,Clc1ccc(C(Cn2ccnc2)OCC=C)c(Cl)c1
114311-32-9,COCc1cnc(C2=NC(C)(C(C)C)C(=O)N2)c(c1)C(O)=O
104098-48-8,CC(C)C1(C)N=C(NC1=O)c2ncc(C)cc2C(O)=O
81334-34-1,CC(C)C1(C)N=C(NC1=O)c2ncccc2C(O)=O
81335-37-7,CC(C)C1(C)N=C(NC1=O)c2nc3ccccc3cc2C(O)=O
81335-77-5,CCc1cnc(C2=NC(C)(C(C)C)C(=O)N2)c(c1)C(O)=O
173584-44-6,COC(=O)N(C(=O)N1CO[C@]2(Cc3cc(Cl)ccc3C2=N1)C(=O)OC)c4ccc(OC(F)(F)F)cc4
144550-36-7,[Na+].COC(=O)c1ccc(I)cc1[S]([O-])(=O)=NC(=O)Nc2nc(C)nc(OC)n2
36734-19-7,CC(C)NC(=O)N1CC(=O)N(C1=O)c2cc(Cl)cc(Cl)c2
42509-80-8,CCO[P](=S)(OCC)Oc1nn(C(C)C)c(Cl)n1
82558-50-7,CCC(C)(CC)c1cc(NC(=O)c2c(OC)cccc2OC)on1
141112-29-0,C[S](=O)(=O)c1cc(ccc1C(=O)c2cnoc2C3CC3)C(F)(F)F
77501-63-4,CCOC(=O)C(C)OC(=O)c1cc(Oc2ccc(cc2Cl)C(F)(F)F)ccc1[N+]([O-])=O
58-89-9,ClC1C(Cl)C(Cl)C(Cl)C(Cl)C1Cl
330-55-2,CON(C)C(=O)Nc1ccc(Cl)c(Cl)c1
120-47-8,CCOC(=O)c1ccc(O)cc1
94-74-6,Cc1cc(Cl)ccc1OCC(O)=O
208465-21-8,COC(=O)c1ccc(CN[S](C)(=O)=O)cc1[S](=O)(=O)NC(=O)Nc2nc(OC)cc(OC)n2
121-14-2,Cc1ccc(cc1[N+]([O-])=O)[N+]([O-])=O
57837-19-1,COCC(=O)N(C(C)C(=O)OC)c1c(C)cccc1C
950-37-8,COC1=NN(CS[P](=S)(OC)OC)C(=O)S1
72-43-5,COc1ccc(cc1)C(c2ccc(OC)cc2)C(Cl)(Cl)Cl
161050-58-4,COc1cccc(C(=O)NN(C(=O)c2cc(C)cc(C)c2)C(C)(C)C)c1C
298-00-0,CO[P](=S)(OC)Oc1ccc(cc1)[N+]([O-])=O
51218-45-2,CCc1cccc(C)c1N(C(C)COC)C(=O)CCl
21087-64-9,CSC1=NN=C(C(=O)N1N)C(C)(C)C
74223-64-6,COC(=O)c1ccccc1[S](=O)(=O)NC(=O)Nc2nc(C)nc(OC)n2
7786-34-7,COC(=O)\C=C(/C)O[P](=O)(OC)OC
13674-87-8,ClCC(CCl)O[P](=O)(OC(CCl)CCl)OC(CCl)CCl
2212-67-1,CCSC(=O)N1CCCCCC1
131-70-4,CCCCOC(=O)c1ccccc1C(O)=O
88671-89-0,CCCCC(Cn1cncn1)(C#N)c2ccc(Cl)cc2
15299-99-7,CCN(CC)C(=O)C(C)Oc1cccc2ccccc12
50-65-7,Oc1ccc(Cl)cc1C(=O)Nc2ccc(cc2Cl)[N+]([O-])=O
27314-13-2,CNC1=C(Cl)C(=O)N(N=C1)c2cccc(c2)C(F)(F)F
19044-88-3,CCCN(CCC)c1c(cc(cc1[N+]([O-])=O)[S](N)(=O)=O)[N+]([O-])=O
19666-30-9,CC(C)Oc1cc(N2N=C(OC2=O)C(C)(C)C)c(Cl)cc1Cl
23135-22-0,CNC(=O)O\N=C(SC)\C(=O)N(C)C
144651-06-9,Cc1cc(C)nc(NC(=O)N[S](=O)(=O)c2ccccc2C(=O)OC3COC3)n1
42874-03-3,CCOc1cc(Oc2ccc(cc2Cl)C(F)(F)F)ccc1[N+]([O-])=O
6153-64-6,O.O.CN(C)[C@H]1[C@@H]2[C@@H](O)[C@H]3C(=C(O)c4c(O)cccc4[C@@]3(C)O)C(=O)[C@]2(O)C(=O)\C(=C(N)/O)C1=O
76738-62-0,CC(C)(C)[C@@H](O)C(Cc1ccc(Cl)cc1)n2cncn2.CC(C)(C)[C@H](O)C(Cc3ccc(Cl)cc3)n4cncn4
56-38-2,CCO[P](=S)(OCC)Oc1ccc(cc1)[N+]([O-])=O
40487-42-1,CCC(CC)Nc1c(cc(C)c(C)c1[N+]([O-])=O)[N+]([O-])=O
219714-96-2,COc1cnc(OC)n2nc(N[S](=O)(=O)c3c(OCC(F)F)cccc3C(F)(F)F)nc12
52645-53-1,CC1(C)[C@@H](C=C(Cl)Cl)[C@H]1C(=O)OCc2cccc(Oc3ccccc3)c2
122-99-6,OCCOc1ccccc1
2310-17-0,CCO[P](=S)(OCC)SCN1C(=O)Oc2cc(Cl)ccc12
1918-02-1,Nc1c(Cl)c(Cl)nc(C(O)=O)c1Cl
51-03-6,CCCCOCCOCCOCc1cc2OCOc2cc1CCC
23103-98-2,CN(C)C(=O)Oc1nc(nc(C)c1C)N(C)C
29232-93-7,CCN(CC)c1nc(C)cc(O[P](=S)(OC)OC)n1
67747-09-5,CCCN(CCOc1c(Cl)cc(Cl)cc1Cl)C(=O)n2ccnc2
29091-21-2,CCCN(CCC)c1c(cc(c(N)c1[N+]([O-])=O)C(F)(F)F)[N+]([O-])=O
1610-18-0,COc1nc(NC(C)C)nc(NC(C)C)n1
7287-19-6,CSc1nc(NC(C)C)nc(NC(C)C)n1
25606-41-1,[Cl-].CCCOC(=O)NCCC[NH+](C)C
709-98-8,CCC(=O)Nc1ccc(Cl)c(Cl)c1
139-40-2,CC(C)Nc1nc(Cl)nc(NC(C)C)n1
31218-83-4,CCN[P](=S)(OC)OC(/C)=C\C(=O)OC(C)C
114-26-1,CNC(=O)Oc1ccccc1OC(C)C
23950-58-5,CC(C)(NC(=O)c1cc(Cl)cc(Cl)c1)C#C
94125-34-5,COc1nc(C)nc(NC(=O)N[S](=O)(=O)c2ccccc2CCC(F)(F)F)n1
123312-89-0,CC1=NNC(=O)N(C1)\N=C\c2cccnc2
175013-18-0,CON(C(=O)OC)c1ccccc1COc2ccn(n2)c3ccc(Cl)cc3
96489-71-3,CC(C)(C)N1N=CC(=C(Cl)C1=O)SCc2ccc(cc2)C(C)(C)C
53112-28-0,Cc1cc(C)nc(Nc2ccccc2)n1
95737-68-1,CC(COc1ccc(Oc2ccccc2)cc1)Oc3ccccn3
123343-16-8,[Na+].COc1cc(OC)nc(Sc2cccc(Cl)c2C([O-])=O)n1
84087-01-4,OC(=O)c1c(Cl)ccc2cc(Cl)cnc12
124495-18-7,Fc1ccc(Oc2ccnc3cc(Cl)cc(Cl)c23)cc1
10453-86-8,CC(C)=CC1C(C(=O)OCc2coc(Cc3ccccc3)c2)C1(C)C
122931-48-0,CC[S](=O)(=O)c1cccnc1[S](=O)(=O)NC(=O)Nc2nc(OC)cc(OC)n2
83-79-4,COc1cc2OC[C@H]3Oc4c5C[C@@H](Oc5ccc4C(=O)[C@H]3c2cc1OC)C(C)=C
28434-00-6,CC(C)=CC1C(C(=O)OC2CC(=O)C(=C2C)CC=C)C1(C)C
122-34-9,CCNc1nc(Cl)nc(NCC)n1
118134-30-8,CCCN(CC)CC1COC2(CCC(CC2)C(C)(C)C)O1
122836-35-5,CC1=NN(C(=O)N1C(F)F)c2cc(N[S](C)(=O)=O)c(Cl)cc2Cl
112410-23-8,CCc1ccc(cc1)C(=O)NN(C(=O)c2cc(C)cc(C)c2)C(C)(C)C
119168-77-3,CCc1nn(C)c(C(=O)NCc2ccc(cc2)C(C)(C)C)c1Cl
96182-53-5,CCO[P](=S)(OC(C)C)Oc1cnc(nc1)C(C)(C)C
34014-18-1,CNC(=O)N(C)c1sc(nn1)C(C)(C)C
79538-32-2,Cc1c(F)c(F)c(COC(=O)C2C(\C=C(/Cl)C(F)(F)F)C2(C)C)c(F)c1F
5902-51-2,CC1=C(Cl)C(=O)N(C(=O)N1)C(C)(C)C
7696-12-0,CC(C)=C[C@@H]1[C@@H](C(=O)OCN2C(=O)C3=C(CCCC3)C2=O)C1(C)C
148-79-8,[nH]1c2ccccc2nc1c3cscn3
111988-49-9,Clc1ccc(CN2CCSC2=NC#N)cn1
153719-23-4,CN1COCN(Cc2sc(Cl)nc2)/C1=N/[N+]([O-])=O
117718-60-2,COC(=O)c1c(CC(C)C)c(C2=NCCS2)c(nc1C(F)F)C(F)(F)F
51707-55-2,O=C(Nc1snnc1)Nc2ccccc2
28249-77-6,CCN(CC)C(=O)SCc1ccc(Cl)cc1
23564-05-8,COC(=O)NC(=S)Nc1ccccc1NC(=S)NC(=O)OC
43121-43-3,CC(C)(C)C(=O)C(Oc1ccc(Cl)cc1)n2cncn2
55219-65-3,CC(C)(C)C(O)C(Oc1ccc(Cl)cc1)n2cncn2
82097-50-5,COc1nc(C)nc(NC(=O)N[S](=O)(=O)c2ccccc2OCCCl)n1
78-48-8,CCCCS[P](=O)(SCCCC)SCCCC
55335-06-3,OC(=O)COc1nc(Cl)c(Cl)cc1Cl
81-81-2,CC(=O)CC(c1ccccc1)C2=C(O)Oc3ccccc3C2=O
199119-58-9,[Na+].COc1cc(OC)nc(NC(=O)N=[S]([O-])(=O)c2ncccc2OCC(F)(F)F)n1
85532-75-8,CCC(C)N(C)C(=O)c1cc2ccccc2c(n1)c3ccccc3Cl
126535-15-7,COC(=O)c1cccc(C)c1[S](=O)(=O)NC(=O)Nc2nc(OCC(F)(F)F)nc(n2)N(C)C
131983-72-7,CC1(C)CC/C(=C/c2ccc(Cl)cc2)C1(O)Cn3cncn3
50471-44-8,CC1(OC(=O)N(C1=O)c2cc(Cl)cc(Cl)c2)C=C
156052-68-5,CCC(C)(NC(=O)c1cc(Cl)c(C)c(Cl)c1)C(=O)CCl
101-54-2,Nc1ccc(Nc2ccccc2)cc1
101-61-1,CN(C)c1ccc(Cc2ccc(cc2)N(C)C)cc1
101-80-4,Nc1ccc(Oc2ccc(N)cc2)cc1
101-86-0,CCCCCC\C(C=O)=C/c1ccccc1
102-06-7,NC(Nc1ccccc1)=Nc2ccccc2
102-27-2,CCNc1cccc(C)c1
1024-57-3,ClC1C2OC2C3C1C4(Cl)C(=C(Cl)C3(Cl)C4(Cl)Cl)Cl
103-23-1,CCCCC(CC)COC(=O)CCCCC(=O)OCC(CC)CCCC
103-24-2,CCCCC(CC)COC(=O)CCCCCCCC(=O)OCC(CC)CCCC
103-90-2,CC(=O)Nc1ccc(O)cc1
104-67-6,CCCCCCC[C@H]1CCC(=O)O1
10540-29-1,CC/C(c1ccccc1)=C(c2ccccc2)/c3ccc(OCCN(C)C)cc3
105-99-7,CCCCOC(=O)CCCCC(=O)OCCCC
10605-21-7,COC(=O)Nc1[nH]c2ccccc2n1
106-44-5,Cc1ccc(O)cc1
106-65-0,COC(=O)CCC(=O)OC
107534-96-3,CC(C)(C)C(O)(CCc1ccc(Cl)cc1)Cn2cncn2
108-46-3,Oc1cccc(O)c1
108-95-2,Oc1ccccc1
110235-47-7,CC#Cc1cc(C)nc(Nc2ccccc2)n1
110-26-9,C=CC(=O)NCNC(=O)C=C
111-21-7,CC(=O)OCCOCCOCCOC(C)=O
1119-40-0,COC(=O)CCCC(=O)OC
112-50-5,CCOCCOCCOCCO
114-07-8,CC[C@H]1OC(=O)[C@H](C)[C@@H](O[C@H]2C[C@@](C)(OC)[C@@H](O)[C@H](C)O2)[C@H](C)[C@@H](O[C@@H]3O[C@H](C)C[C@@H]([C@H]3O)N(C)C)[C@](C)(O)C[C@@H](C)C(=O)[C@H](C)[C@@H](O)[C@]1(C)O
115-86-6,O=[P](Oc1ccccc1)(Oc2ccccc2)Oc3ccccc3
117-84-0,CCCCCCCCOC(=O)c1ccccc1C(=O)OCCCCCCCC
119-61-9,O=C(c1ccccc1)c2ccccc2
119-90-4,COc1cc(ccc1N)c2ccc(N)c(OC)c2
119-93-7,Cc1cc(ccc1N)c2ccc(N)c(C)c2
50-78-2,CC(=O)Oc1ccccc1C(O)=O
120-71-8,COc1ccc(C)cc1N
121-00-6,COc1ccc(O)c(c1)C(C)(C)C
60-80-0,CN1N(C(=O)C=C1C)c2ccccc2
123122-55-4,COCCOC[C@H](CC1(CCCC1)C(=O)NC2CCC(CC2)C(O)=O)C(=O)Oc3ccc4CCCc4c3
124-94-7,C[C@]12C[C@H](O)[C@@]3(F)[C@@H](CCC4=CC(=O)C=C[C@]34C)[C@@H]1C[C@@H](O)[C@]2(O)C(=O)CO
58-55-9,CN1C(=O)N(C)c2nc[nH]c2C1=O
127308-82-1,C1C[C@H](CN(C1)CCc2ccc3OCOc3c2)OC(c4ccccc4)c5ccccc5
128-39-2,CC(C)(C)c1cccc(c1O)C(C)(C)C
129-00-0,c1cc2ccc3cccc4ccc(c1)c2c34
131-17-9,C=CCOC(=O)c1ccccc1C(=O)OCC=C
13311-84-7,CC(C)C(=O)Nc1ccc(c(c1)C(F)(F)F)[N+]([O-])=O
57-63-6,C[C@]12CC[C@H]3[C@@H](CCc4cc(O)ccc34)[C@@H]1CC[C@@]2(O)C#C
139290-65-6,COc1cccc(C(O)C2CCN(CC2)CCc3ccc(F)cc3)c1OC
140-66-9,CC(C)(C)CC(C)(C)c1ccc(O)cc1
1445-75-6,CC(C)O[P](C)(=O)OC(C)C
145742-28-5,COc1ccc(OC(F)(F)F)cc1CN2CCC[C@H](N)[C@@H]2c3ccccc3
147-24-0,[H+].[Cl-].CN(C)CCOC(c1ccccc1)c2ccccc2
148-24-3,Oc1cccc2cccnc12
150-68-5,CN(C)C(=O)Nc1ccc(Cl)cc1
15310-01-7,Ic1ccccc1C(=O)Nc2ccccc2
1563-66-2,CNC(=O)Oc1cccc2CC(C)(C)Oc12
1806-26-4,CCCCCCCCc1ccc(O)cc1
1843-05-6,CCCCCCCCOc1ccc(c(O)c1)C(=O)c2ccccc2
1861-32-1,COC(=O)c1c(Cl)c(Cl)c(c(Cl)c1Cl)C(=O)OC
1929-77-7,CCCSC(=O)N(CCC)CCC
2058-46-0,[Cl-].CN(C)[C@H]1[C@@H]2[C@@H](O)[C@H]3C(=C(O)c4c(O)cccc4[C@@]3(C)O)C(=O)[C@]2(O)C(=O)\C(=C(N)/O)C1=O.[H+]
205-99-2,c1ccc2c(c1)cc3c4ccccc4c5cccc2c35
206-44-0,c1ccc2c(c1)c3cccc4cccc2c34
2243-62-1,Nc1cccc2c(N)cccc12
24602-86-6,CCCCCCCCCCCCCN1CC(C)OC(C)C1
2528-16-7,[Ca++].[O-]C(=O)c1ccccc1C(=O)OCc2ccccc2
2634-33-5,O=C1NSc2ccccc12
298-02-2,CCO[P](=S)(OCC)SCSCC
30516-87-1,CC1=CN([C@H]2C[C@H](N=[N+]=[N-])[C@@H](CO)O2)C(=O)NC1=O
3147-75-9,CC(C)(C)CC(C)(C)c1ccc(O)c(c1)n2nc3ccccc3n2
35256-85-0,CC(C)N(Cc1ccccc1)C(=O)C(C)(C)C
3739-38-6,[O-]C(=O)c1cccc(Oc2ccccc2)c1
4291-63-8,Nc1nc(Cl)nc2n(cnc12)[C@H]3C[C@H](O)[C@@H](CO)O3
446-72-0,Oc1ccc(cc1)C2=COc3cc(O)cc(O)c3C2=O
484-17-3,Oc1cc2ccccc2c3ccccc13
50-29-3,Clc1ccc(cc1)C(c2ccc(Cl)cc2)C(Cl)(Cl)Cl
50-55-5,CO[C@H]1[C@@H](C[C@@H]2CN3CCc4c([nH]c5cc(OC)ccc45)[C@H]3C[C@@H]2[C@@H]1C(=O)OC)OC(=O)c6cc(OC)c(OC)c(OC)c6
50892-23-4,Cc1cccc(Nc2cc(Cl)nc(SCC(O)=O)n2)c1C
51-28-5,Oc1ccc(cc1[N+]([O-])=O)[N+]([O-])=O
51-52-5,CCCC1=CC(=O)NC(=S)N1
528-29-0,[O-][N+](=O)c1ccccc1[N+]([O-])=O
52-86-8,OC1(CCN(CCCC(=O)c2ccc(F)cc2)CC1)c3ccc(Cl)cc3
53-03-2,C[C@]12CC(=O)[C@H]3[C@@H](CCC4=CC(=O)C=C[C@]34C)[C@@H]1CC[C@]2(O)C(=O)CO
534-52-1,Cc1cc(cc(c1O)[N+]([O-])=O)[N+]([O-])=O
548-62-9,[Cl-].CN(C)c1ccc(cc1)[C+](c2ccc(cc2)N(C)C)c3ccc(cc3)N(C)C
55285-14-8,CCCCN(CCCC)SN(C)C(=O)Oc1cccc2CC(C)(C)Oc12
563-12-2,CCO[P](=S)(OCC)SCS[P](=S)(OCC)OCC
56-53-1,CC\C(c1ccc(O)cc1)=C(\CC)c2ccc(O)cc2
56-55-3,c1ccc2cc3c(ccc4ccccc34)cc2c1
576-26-1,Cc1cccc(C)c1O
57-83-0,CC(=O)[C@H]1CC[C@H]2[C@@H]3CCC4=CC(=O)CC[C@]4(C)[C@H]3CC[C@]12C
579-66-8,CCc1cccc(CC)c1N
84-74-2,CCCCOC(=O)c1ccccc1C(=O)OCCCC
58-14-0,CCc1nc(N)nc(N)c1c2ccc(Cl)cc2
59756-60-4,CN1C=C(c2ccccc2)C(=O)C(=C1)c3cccc(c3)C(F)(F)F
599-79-1,OC(=O)C1=C\C(C=CC1=O)=N/Nc2ccc(cc2)[S](=O)(=O)Nc3ccccn3
60-09-3,Nc1ccc(cc1)N=Nc2ccccc2
60-57-1,ClC1=C(Cl)C2(Cl)C3C4CC(C5OC45)C3C1(Cl)C2(Cl)Cl
606-20-2,Cc1c(cccc1[N+]([O-])=O)[N+]([O-])=O
63-05-8,C[C@]12CC[C@H]3[C@@H](CCC4=CC(=O)CC[C@]34C)[C@@H]1CCC2=O
6344-67-8,Oc1ccc2Cc3ccccc3c2c1
7173-51-5,[Cl-].CCCCCCCCCC[N+](C)(C)CCCCCCCCCC
72-20-8,ClC1=C(Cl)C2(Cl)C3C4CC(C5OC45)C3C1(Cl)C2(Cl)Cl
72-54-8,ClC(Cl)C(c1ccc(Cl)cc1)c2ccc(Cl)cc2
732-11-6,CO[P](=S)(OC)SCN1C(=O)c2ccccc2C1=O
75330-75-5,CC[C@H](C)C(=O)O[C@H]1C[C@@H](C)C=C2C=C[C@H](C)[C@H](CC[C@@H]3C[C@@H](O)CC(=O)O3)[C@@H]12
77-09-8,Oc1ccc(cc1)C2(OC(=O)c3ccccc23)c4ccc(O)cc4
77-40-7,CCC(C)(c1ccc(O)cc1)c2ccc(O)cc2
789-02-6,Clc1ccc(cc1)C(c2ccccc2Cl)C(Cl)(Cl)Cl
79902-63-9,CCC(C)(C)C(=O)O[C@H]1C[C@@H](C)C=C2C=C[C@H](C)[C@H](CC[C@@H]3C[C@@H](O)CC(=O)O3)[C@@H]12
80-46-6,CCC(C)(C)c1ccc(O)cc1
105512-06-9,C[C@@H](Oc1ccc(Oc2ncc(Cl)cc2F)cc1)C(=O)OCC#C
838-88-0,Cc1cc(Cc2ccc(N)c(C)c2)ccc1N
68-22-4,C[C@]12CC[C@H]3[C@@H](CCC4=CC(=O)CC[C@H]34)[C@@H]1CC[C@@]2(O)C#C
86-30-6,O=NN(c1ccccc1)c2ccccc2
86386-73-4,OC(Cn1cncn1)(Cn2cncn2)c3ccc(F)cc3F
87-62-7,Cc1cccc(C)c1N
88-06-2,Oc1c(Cl)cc(Cl)cc1Cl
88-85-7,CCC(C)c1cc(cc(c1O)[N+]([O-])=O)[N+]([O-])=O
90-04-0,COc1ccccc1N
91-22-5,c1ccc2ncccc2c1
91-53-2,CCOc1ccc2NC(C)(C)C=C(C)c2c1
91-59-8,Nc1ccc2ccccc2c1
91-64-5,O=C1Oc2ccccc2C=C1
92-87-5,Nc1ccc(cc1)c2ccc(N)cc2
94-13-3,CCCOC(=O)c1ccc(O)cc1
94-26-8,CCCCOC(=O)c1ccc(O)cc1
94-28-0,CCCCC(CC)C(=O)OCCOCCOCCOC(=O)C(CC)CCCC
95-48-7,Cc1ccccc1O
95-95-4,Oc1cc(Cl)c(Cl)cc1Cl
97-53-0,COc1cc(CC=C)ccc1O
97-54-1,COc1cc(\C=C\C)ccc1O
98-54-4,CC(C)(C)c1ccc(O)cc1
98-95-3,[O-][N+](=O)c1ccccc1
99-08-1,Cc1cccc(c1)[N+]([O-])=O
99-59-2,COc1ccc(cc1N)[N+]([O-])=O
99-76-3,COC(=O)c1ccc(O)cc1
99-99-0,Cc1ccc(cc1)[N+]([O-])=O
33286-22-5,[Cl-].COc1ccc(cc1)[C@@H]2Sc3ccccc3N(CCN(C)C)C(=O)[C@@H]2OC(C)=O.[H+]
50-02-2,C[C@@H]1C[C@H]2[C@@H]3CCC4=CC(=O)C=C[C@]4(C)[C@@]3(F)[C@@H](O)C[C@]2(C)[C@@]1(O)C(=O)CO
15307-86-5,OC(=O)Cc1ccccc1Nc2c(Cl)cccc2Cl
15687-27-1,CC(C)Cc1ccc(cc1)C(C)C(O)=O
64-77-7,CCCCNC(=O)N[S](=O)(=O)c1ccc(C)cc1
22204-53-1,COc1ccc2cc(ccc2c1)C(C)C(O)=O
29122-68-7,CC(C)NCC(O)COc1ccc(CC(N)=O)cc1
88-24-4,CCc1cc(Cc2cc(CC)cc(c2O)C(C)(C)C)c(O)c(c1)C(C)(C)C
36505-84-7,O=C1CC2(CCCC2)CC(=O)N1CCCCN3CCN(CC3)c4ncccn4
51384-51-1,COCCc1ccc(OCC(O)CNC(C)C)cc1
6846-50-0,CC(C)C(OC(=O)C(C)C)C(C)(C)COC(=O)C(C)C
54-31-9,N[S](=O)(=O)c1cc(C(O)=O)c(NCc2occc2)cc1Cl
2416-94-6,Cc1ccc(C)c(O)c1C
604-75-1,OC1N=C(c2ccccc2)c3cc(Cl)ccc3NC1=O
15676-16-1,CCN1CCCC1CNC(=O)c2cc(ccc2OC)[S](N)(=O)=O
83-43-2,C[C@H]1C[C@H]2[C@@H]3CC[C@](O)(C(=O)CO)[C@@]3(C)C[C@H](O)[C@@H]2[C@@]4(C)C=CC(=O)C=C14
50-24-8,C[C@]12C[C@H](O)[C@H]3[C@@H](CCC4=CC(=O)C=C[C@]34C)[C@@H]1CC[C@]2(O)C(=O)CO
97322-87-7,Cc1c(C)c2OC(C)(CCc2c(C)c1O)COc3ccc(CC4SC(=O)NC4=O)cc3
59865-13-3,CCC1NC(=O)C(C(O)C(C)C\C=C\C)N(C)C(=O)C(C(C)C)N(C)C(=O)C(CC(C)C)N(C)C(=O)C(CC(C)C)N(C)C(=O)C(C)NC(=O)C(C)NC(=O)C(CC(C)C)N(C)C(=O)C(NC(=O)C(CC(C)C)N(C)C(=O)CN(C)C1=O)C(C)C
95-74-9,Cc1ccc(N)cc1Cl
76824-35-6,NC(N)=Nc1scc(CSCCC(N)=N[S](N)(=O)=O)n1
73590-58-6,COc1ccc2nc([nH]c2c1)[S](=O)Cc3ncc(C)c(OC)c3C
2078-54-8,CC(C)c1cccc(C(C)C)c1O
111406-87-2,CC(N(O)C(N)=O)c1sc2ccccc2c1
76-57-3,COc1ccc2C[C@@H]3[C@@H]4C=C[C@H](O)[C@@H]5Oc1c2[C@]45CCN3C
66357-35-5,[H+].[Cl-].CNC(/NCCSCc1oc(CN(C)C)cc1)=C\[N+]([O-])=O
58-15-1,CN(C)C1=C(C)N(C)N(c2ccccc2)C1=O
65277-42-1,CC(=O)N1CCN(CC1)c2ccc(OC[C@@H]3CO[C@](Cn4ccnc4)(O3)c5ccc(Cl)cc5Cl)cc2
321-64-2,[Cl-].[NH3+]c1c2CCCCc2nc3ccccc13
20830-75-5,C[C@H]1O[C@H](C[C@H](O)[C@@H]1O)O[C@H]2[C@@H](O)C[C@@H](O[C@@H]2C)O[C@H]3[C@@H](O)C[C@@H](O[C@@H]3C)O[C@H]4CC[C@@]5(C)[C@H](CC[C@@H]6[C@@H]5C[C@@H](O)[C@]7(C)[C@H](CC[C@]67O)C8=CC(=O)OC8)C4
59-05-2,CN(Cc1cnc2nc(N)nc(N)c2n1)c3ccc(cc3)C(=O)N[C@@H](CCC(O)=O)C(O)=O
54-11-5,CN1CCC[C@H]1c2cccnc2
60-54-8,CN(C)[C@H]1[C@@H]2C[C@H]3C(=C(O)c4c(O)cccc4[C@@]3(C)O)C(=O)[C@]2(O)C(=O)\C(=C(N)/O)C1=O
99-66-1,CCCC(CCC)C(O)=O
55-98-1,C[S](=O)(=O)OCCCCO[S](C)(=O)=O
305-03-3,OC(=O)CCCc1ccc(cc1)N(CCCl)CCCl
56-75-7,OCC(NC(=O)C(Cl)Cl)C(O)c1ccc(cc1)[N+]([O-])=O
85721-33-1,OC(=O)C1=CN(C2CC2)c3cc(N4CCNCC4)c(F)cc3C1=O
64-86-8,COC1=CC=C2C(=CC1=O)[C@H](CCc3cc(OC)c(OC)c(OC)c23)NC(C)=O
80-08-0,Nc1ccc(cc1)[S](=O)(=O)c2ccc(N)cc2
69655-05-6,OC[C@@H]1CC[C@@H](O1)n2cnc3C(=O)N=CNc23
89-25-8,CC1=NN(C(=O)C1)c2ccccc2
50-28-2,C[C@]12CC[C@H]3[C@@H](CCc4cc(O)ccc34)[C@@H]1CC[C@@H]2O
98319-26-7,CC(C)(C)NC(=O)[C@H]1CC[C@H]2[C@@H]3CC[C@H]4NC(=O)C=C[C@]4(C)[C@H]3CC[C@]12C
2321-07-5,Oc1ccc2c(Oc3cc(O)ccc3C24OC(=O)c5ccccc45)c1
29094-61-9,Cc1cnc(cn1)C(=O)NCCc2ccc(cc2)[S](=O)(=O)NC(=O)NC3CCCCC3
10238-21-8,COc1ccc(Cl)cc1C(=O)NCCc2ccc(cc2)[S](=O)(=O)NC(=O)NC3CCCCC3
53-86-1,COc1ccc2n(c(C)c(CC(O)=O)c2c1)C(=O)c3ccc(Cl)cc3
54-85-3,NNC(=O)c1ccncc1
797-63-7,CC[C@]12CC[C@H]3[C@@H](CCC4=CC(=O)CC[C@H]34)[C@@H]1CC[C@@]2(O)C#C
73-31-4,COc1ccc2[nH]cc(CCNC(C)=O)c2c1
84852-15-3,CC(C)CCCCCCc1ccc(O)cc1
84371-65-3,CC#C[C@]1(O)CC[C@H]2[C@@H]3CCC4=CC(=O)CCC4=C3[C@H](C[C@]12C)c5ccc(cc5)N(C)C
67-20-9,[O-][N+](=O)c1oc(cc1)/C=N/N2CC(=O)NC2=O
57-47-6,CNC(=O)Oc1ccc2N(C)[C@H]3N(C)CC[C@@]3(C)c2c1
117-39-5,Oc1cc(O)c2C(=O)C(=C(Oc2c1)c3ccc(O)c(O)c3)O
13080-86-9,CC(C)(c1ccc(Oc2ccc(N)cc2)cc1)c3ccc(Oc4ccc(N)cc4)cc3
134308-13-7,Cc1ccc(cc1)C(=O)c2cc(O)c(O)c(c2)[N+]([O-])=O
76-25-5,CC1(C)O[C@@H]2C[C@H]3[C@@H]4CCC5=CC(=O)C=C[C@]5(C)[C@@]4(F)[C@@H](O)C[C@]3(C)[C@@]2(O1)C(=O)CO
396-01-0,Nc1nc(N)c2nc(c3ccccc3)c(N)nc2n1
70-30-4,Oc1c(Cl)cc(Cl)c(Cl)c1Cc2c(O)c(Cl)cc(Cl)c2Cl
125-84-8,CCC1(CCC(=O)NC1=O)c2ccc(N)cc2
54-62-6,Nc1nc(N)c2nc(CNc3ccc(cc3)C(=O)NC(CCC(O)=O)C(O)=O)cnc2n1
66-81-9,C[C@H]1C[C@H](C)C(=O)[C@@H](C1)[C@H](O)CC2CC(=O)NC(=O)C2
84-66-2,CCOC(=O)c1ccccc1C(=O)OCC
39515-41-8,CC1(C)C(C(=O)OC(C#N)c2cccc(Oc3ccccc3)c2)C1(C)C
67614-33-9,CC(C)C(C(=O)OC(C#N)c1cccc(Oc2ccccc2)c1)c3ccc(Cl)cc3
77-06-5,CC12[C@@H](O)C=C[C@@]3(OC1=O)[C@@H]4CC[C@]5(O)C[C@]4(CC5=C)[C@H]([C@H]23)C(O)=O
389-08-2,CCN1C=C(C(O)=O)C(=O)c2ccc(C)nc12
57-24-9,O=C1C[C@@H]2OCC=C3CN4CC[C@@]56[C@@H]4C[C@@H]3[C@@H]2[C@@H]5N1c7ccccc67
25812-30-0,Cc1ccc(C)c(OCCCC(C)(C)C(O)=O)c1
58-93-5,N[S](=O)(=O)c1cc2c(NCN[S]2(=O)=O)cc1Cl
608-73-1,ClC1C(Cl)C(Cl)C(Cl)C(Cl)C1Cl
446-86-6,Cn1cnc(c1Sc2ncnc3nc[nH]c23)[N+]([O-])=O
486-66-8,Oc1ccc(cc1)C2=COc3cc(O)ccc3C2=O
54965-24-1,CC/C(c1ccccc1)=C(c2ccccc2)/c3ccc(OCCN(C)C)cc3.OC(=O)CC(O)(CC(O)=O)C(O)=O
84-16-2,CCC(C(CC)c1ccc(O)cc1)c2ccc(O)cc2
59-50-7,Cc1cc(O)ccc1Cl
53-16-7,C[C@]12CC[C@H]3[C@@H](CCc4cc(O)ccc34)[C@@H]1CCC2=O
520-18-3,Oc1ccc(cc1)C2=C(O)C(=O)c3c(O)cc(O)cc3O2
17924-92-4,C[C@H]1CCCC(=O)CCC/C=C/c2cc(O)cc(O)c2C(=O)O1
521-18-6,C[C@]12CC[C@H]3[C@@H](CC[C@H]4CC(=O)CC[C@]34C)[C@@H]1CC[C@@H]2O
520-36-5,Oc1ccc(cc1)C2=CC(=O)c3c(O)cc(O)cc3O2
512-56-1,CO[P](=O)(OC)OC
500-38-9,C[C@H](Cc1ccc(O)c(O)c1)[C@@H](C)Cc2ccc(O)c(O)c2
2467-02-9,Oc1ccccc1Cc2ccccc2O
5153-25-3,CCCCC(CC)COC(=O)c1ccc(O)cc1
105-60-2,O=C1CCCCCN1
93-76-5,OC(=O)COc1cc(Cl)c(Cl)cc1Cl
842-07-9,O=C\1C=Cc2ccccc2C1=N/Nc3ccccc3
131-56-6,Oc1ccc(c(O)c1)C(=O)c2ccccc2
184653-84-7,CC(=O)c1ccc2OC(C)(C)[C@H](O)[C@@H](NC(=O)c3ccc(F)cc3)c2c1
58-18-4,C[C@]1(O)CC[C@H]2[C@@H]3CCC4=CC(=O)CC[C@]4(C)[C@H]3CC[C@]12C
80-09-1,Oc1ccc(cc1)[S](=O)(=O)c2ccc(O)cc2
115-96-8,ClCCO[P](=O)(OCCCl)OCCCl
94-18-8,Oc1ccc(cc1)C(=O)OCc2ccccc2
791-28-6,O=[P](c1ccccc1)(c2ccccc2)c3ccccc3
23513-14-6,CCCCCC(O)CC(=O)CCc1ccc(OC)c(O)c1
15619-48-4,[Cl-].C(c1ccccc1)[n+]2cccc3ccccc23
2687-96-9,CCCCCCCCCCCCN1CCCC1=O
90-15-3,Oc1cccc2ccccc12
83-41-0,Cc1cccc(c1C)[N+]([O-])=O
95-14-7,[nH]1nc2ccccc2n1
14233-37-5,CC(C)Nc1ccc(NC(C)C)c2C(=O)c3ccccc3C(=O)c12
57-91-0,C[C@]12CC[C@H]3[C@@H](CCc4cc(O)ccc34)[C@@H]1CC[C@H]2O
10161-33-8,C[C@]12C=CC3=C4CCC(=O)C=C4CC[C@H]3[C@@H]1CC[C@@H]2O
15086-94-9,Oc1c(Br)cc2c(Oc3c(Br)c(O)c(Br)cc3C24OC(=O)c5ccccc45)c1Br
2467-03-0,Oc1ccc(Cc2ccccc2O)cc1
21564-17-0,N#CSCSc1sc2ccccc2n1
5809-23-4,CCN(CC)c1ccc(c(O)c1)C(=O)c2ccccc2C(O)=O
97-56-3,Cc1ccccc1N=Nc2ccc(N)c(C)c2
117-79-3,Nc1ccc2C(=O)c3ccccc3C(=O)c2c1
92-04-6,Oc1ccc(cc1Cl)c2ccccc2
587-65-5,ClCC(=O)Nc1ccccc1
4940-11-8,CCC1=C(O)C(=O)C=CO1
131-57-7,COc1ccc(c(O)c1)C(=O)c2ccccc2
583-39-1,S=C1Nc2ccccc2N1
149-30-4,S=C1Nc2ccccc2S1
2785-87-7,CCCc1ccc(O)c(OC)c1
90-05-1,COc1ccccc1O
95-53-4,Cc1ccccc1N
96-70-8,CCc1ccc(O)c(c1)C(C)(C)C
2409-55-4,Cc1ccc(O)c(c1)C(C)(C)C
88-60-8,Cc1ccc(c(O)c1)C(C)(C)C
88-18-6,CC(C)(C)c1ccccc1O
119-47-1,Cc1cc(Cc2cc(C)cc(c2O)C(C)(C)C)c(O)c(c1)C(C)(C)C
131-55-5,Oc1ccc(c(O)c1)C(=O)c2ccc(O)cc2O
84-69-5,CC(C)COC(=O)c1ccccc1C(=O)OCC(C)C
131-18-0,CCCCCOC(=O)c1ccccc1C(=O)OCCCCC
1563-38-8,CC1(C)Cc2cccc(O)c2O1
1143-72-2,Oc1ccc(c(O)c1O)C(=O)c2ccccc2
136-45-8,CCCOC(=O)c1ccc(nc1)C(=O)OCCC
96-76-4,CC(C)(C)c1ccc(O)c(c1)C(C)(C)C
1470-79-7,Oc1ccc(cc1)C(=O)c2ccc(O)cc2O
527-60-6,Cc1cc(C)c(O)c(C)c1
79-74-3,CCC(C)(C)c1cc(O)c(cc1O)C(C)(C)CC
88-58-4,CC(C)(C)c1cc(O)c(cc1O)C(C)(C)C
3855-32-1,CN(C)CCCN(C)CCCN(C)C
99-07-0,CN(C)c1cccc(O)c1
55406-53-6,CCCCNC(=O)OCC#CI
618-45-1,CC(C)c1cccc(O)c1
108-44-1,Cc1cccc(N)c1
585-34-2,CC(C)(C)c1cccc(O)c1
20325-40-0,[H+].[H+].[Cl-].[Cl-].COc1cc(ccc1N)c2ccc(N)c(OC)c2
612-82-8,[H+].[H+].[Cl-].[Cl-].Cc1cc(ccc1N)c2ccc(N)c(C)c2
79-94-7,CC(C)(c1cc(Br)c(O)c(Br)c1)c2cc(Br)c(O)c(Br)c2
99-54-7,[O-][N+](=O)c1ccc(Cl)c(Cl)c1
626-43-7,Nc1cc(Cl)cc(Cl)c1
1154-59-2,Oc1c(Cl)cc(Cl)cc1C(=O)Nc2ccc(Cl)c(Cl)c2
6893-02-3,NC(Cc1cc(I)c(Oc2ccc(O)c(I)c2)c(I)c1)C(O)=O
10081-67-1,CC(C)(c1ccccc1)c2ccc(Nc3ccc(cc3)C(C)(C)c4ccccc4)cc2
18979-55-0,CCCCCCOc1ccc(O)cc1
150-13-0,Nc1ccc(cc1)C(O)=O
122-37-2,Oc1ccc(Nc2ccccc2)cc1
104-13-2,CCCCc1ccc(N)cc1
4344-55-2,CCCCOc1ccc(N)cc1
1638-22-8,CCCCc1ccc(O)cc1
95-83-0,Nc1ccc(Cl)cc1N
106-47-8,Nc1ccc(Cl)cc1
599-64-4,CC(C)(c1ccccc1)c2ccc(O)cc2
156-43-4,CCOc1ccc(N)cc1
1987-50-4,CCCCCCCc1ccc(O)cc1
33228-45-4,CCCCCCc1ccc(N)cc1
39905-57-2,CCCCCCOc1ccc(N)cc1
121-33-5,COc1cc(C=O)ccc1O
68392-35-8,CC/C(c1ccccc1)=C(c2ccc(O)cc2)/c3ccc(OCCN(C)C)cc3
134-84-9,Cc1ccc(cc1)C(=O)c2ccccc2
100-02-7,Oc1ccc(cc1)[N+]([O-])=O
156-10-5,O=Nc1ccc(Nc2ccccc2)cc1
79794-75-5,CCOC(=O)N1CCC(CC1)=C2c3ccc(Cl)cc3CCc4cccnc24
33228-44-3,CCCCCc1ccc(N)cc1
2696-84-6,CCCc1ccc(N)cc1
769-92-6,CC(C)(C)c1ccc(N)cc1
3236-71-3,Oc1ccc(cc1)C2(c3ccc(O)cc3)c4ccccc4c5ccccc25
16752-77-5,CNC(=O)O\N=C(/C)SC
13680-35-8,CCc1cc(Cc2cc(CC)c(N)c(CC)c2)cc(CC)c1N
101-77-9,Nc1ccc(Cc2ccc(N)cc2)cc1
27955-94-8,CC(c1ccc(O)cc1)(c2ccc(O)cc2)c3ccc(O)cc3
2835-95-2,Cc1ccc(N)cc1O
154-42-7,NC1=NC(=S)c2[nH]cnc2N1
98-86-2,CC(=O)c1ccccc1
77-90-7,CCCCOC(=O)CC(CC(=O)OCCCC)(OC(C)=O)C(=O)OCCCC
135158-54-2,CSC(=O)c1cccc2nnsc12
25316-40-9,[Cl-].COc1cccc2C(=O)c3c(O)c4C[C@](O)(C[C@H](OC5CC(N)C(O)C(C)O5)c4c(O)c3C(=O)c12)C(=O)CO.[H+]
1646-88-4,CNC(=O)O\N=C\C(C)(C)[S](C)(=O)=O
25956-17-6,[Na+].[Na+].COc1cc(c(C)cc1N\N=C2\C(=O)C=Cc3cc(ccc23)[S]([O-])(=O)=O)[S]([O-])(=O)=O
19774-82-4,[H+].[Cl-].CCCCc1oc2ccccc2c1C(=O)c3cc(I)c(OCCN(CC)CC)c(I)c3
90-30-2,N(c1ccccc1)c2cccc3ccccc23
3337-71-1,COC(=O)N[S](=O)(=O)c1ccc(N)cc1
2465-27-2,[H+].[Cl-].CN(C)c1ccc(cc1)C(=N)c2ccc(cc2)N(C)C
35575-96-3,CO[P](=O)(OC)SCN1C(=O)Oc2cc(Cl)cnc12
59-67-6,OC(=O)c1cccnc1
2390-60-5,[Cl-].CCNc1ccc([C+](c2ccc(cc2)N(CC)CC)c3ccc(cc3)N(CC)CC)c4ccccc14
94-09-7,CCOC(=O)c1ccc(N)cc1
118-58-1,Oc1ccccc1C(=O)OCc2ccccc2
253450-09-8,Fc1ccc(CC2CCN(CC2)CC[S](=O)c3ccc4NC(=O)Oc4c3)cc1
90357-06-5,CC(O)(C[S](=O)(=O)c1ccc(F)cc1)C(=O)Nc2ccc(C#N)c(c2)C(F)(F)F
491-80-5,COc1ccc(cc1)C2=COc3cc(O)cc(O)c3C2=O
33171-05-0,Oc1ccc(cc1)\C=C\C(=O)CC(=O)/C=C/c2ccc(O)cc2
1478-61-1,Oc1ccc(cc1)C(c2ccc(O)cc2)(C(F)(F)F)C(F)(F)F
62625-32-5,[Na+].Cc1c(Br)c(O)c(Br)cc1C2(O[S](=O)(=O)c3ccccc23)c4cc(Br)c([O-])c(Br)c4C
22260-51-1,CC(C)C[C@@H]1N2C(=O)[C@](NC(=O)[C@H]3CN(C)[C@@H]4Cc5c(Br)[nH]c6cccc(C4=C3)c56)(O[C@@]2(O)[C@@H]7CCCN7C1=O)C(C)C.C[S](O)(=O)=O
569-61-9,[H+].[Cl-].Nc1ccc(cc1)C(c2ccc(N)cc2)=C3C=CC(=N)C=C3
13301-61-6,CCN(CCC#N)c1ccc(cc1)N=Nc2c(Cl)cc(cc2Cl)[N+]([O-])=O
3118-97-6,Cc1ccc(N\N=C2/C(=O)C=Cc3ccccc23)c(C)c1
509-34-2,CCN(CC)c1ccc2c(Oc3cc(ccc3C24OC(=O)c5ccccc45)N(CC)CC)c1
17696-62-7,Oc1ccc(cc1)C(=O)Oc2ccccc2
63449-41-2,[Cl-].CCCCCCCCCC[N+](C)(C)Cc1ccccc1
112529-15-4,[H+].[Cl-].CCc1ccc(CCOc2ccc(CC3SC(=O)NC3=O)cc2)nc1
159138-81-5,CC(C)c1ccc(cc1[S](C)(=O)=O)C(=O)N=C(N)N.C[S](O)(=O)=O
1260-17-9,Cc1c(C(O)=O)c(O)cc2C(=O)c3c(O)c(O)c([C@H]4O[C@H](CO)[C@@H](O)[C@H](O)[C@H]4O)c(O)c3C(=O)c12
120-80-9,Oc1ccccc1O
56-95-1,CC(O)=O.CC(O)=O.NC(Nc1ccc(Cl)cc1)=NC(N)=NCCCCCCN=C(N)N=C(N)Nc2ccc(Cl)cc2
3691-35-8,Clc1ccc(cc1)C(C(=O)C2C(=O)c3ccccc3C2=O)c4ccccc4
1897-45-6,Clc1c(Cl)c(C#N)c(Cl)c(C#N)c1Cl
569-57-3,COc1ccc(cc1)C(Cl)=C(c2ccc(OC)cc2)c3ccc(OC)cc3
69-09-0,[H+].[Cl-].CN(C)CCCN1c2ccccc2Sc3ccc(Cl)cc13
480-40-0,Oc1cc(O)c2C(=O)C=C(Oc2c1)c3ccccc3
637-07-0,CCOC(=O)C(C)(C)Oc1ccc(Cl)cc1
17321-77-6,[H+].[Cl-].CN(C)CCCN1c2ccccc2CCc3ccc(Cl)cc13
57754-85-5,NCCO.OC(=O)c1nc(Cl)ccc1Cl
23593-75-1,Clc1ccccc1C(n2ccnc2)(c3ccccc3)c4ccccc4
50-22-6,C[C@]12C[C@H](O)[C@H]3[C@@H](CCC4=CC(=O)CC[C@]34C)[C@@H]1CC[C@@H]2C(=O)CO
458-37-7,COc1cc(\C=C\C(O)=C\C(=O)/C=C/c2ccc(O)c(OC)c2)ccc1O
120116-88-3,CN(C)[S](=O)(=O)n1c(nc(Cl)c1c2ccc(C)cc2)C#N
4449-51-8,C[C@@H]1CN[C@H]2[C@@H](C)[C@@]3(CC[C@H]4[C@@H]5CC=C6C[C@@H](O)CC[C@]6(C)[C@H]5CC4=C3C)O[C@@H]2C1
6055-19-2,O.ClCCN(CCCl)[P]1(=O)NCCCO1
68359-37-5,CC1(C)C(C=C(Cl)Cl)C1C(=O)OC(C#N)c2ccc(F)c(Oc3ccccc3)c2
57966-95-7,CCNC(=O)NC(=O)\C(=N\OC)C#N
427-51-0,CC(=O)O[C@@]1(CC[C@H]2[C@@H]3C=C(Cl)C4=CC(=O)[C@@H]5C[C@@H]5[C@]4(C)[C@H]3CC[C@]12C)C(C)=O
69-74-9,[Cl-].NC1=NC(=O)N(C=C1)[C@@H]2O[C@H](CO)[C@@H](O)[C@@H]2O.[H+]
1596-84-5,CN(C)NC(=O)CCC(O)=O
139340-56-0,CC(C)(C)c1cc(/C=C/2SC(=NC2=O)N)cc(c1O)C(C)(C)C.C[S](O)(=O)=O
6190-65-4,CC(C)Nc1nc(N)nc(Cl)n1
90823-38-4,CC[N+](CC)(CC(=O)Nc1c(C)cccc1C)Cc2ccccc2.[O-][S]3(=NC(=O)c4ccccc34)=O
2392-39-4,[Na+].[Na+].C[C@@H]1C[C@H]2[C@@H]3CCC4=CC(=O)C=C[C@]4(C)[C@@]3(F)[C@@H](O)C[C@]2(C)[C@@]1(O)C(=O)CO[P]([O-])([O-])=O
109-43-3,CCCCOC(=O)CCCCCCCCC(=O)OCCCC
97-23-4,Oc1ccc(Cl)cc1Cc2cc(Cl)ccc2O
35367-38-5,Fc1cccc(F)c1C(=O)NC(=O)Nc2ccc(Cl)cc2
141517-21-7,CO\N=C(C(=O)OC)\c1ccccc1CO\N=C(/C)c2cccc(c2)C(F)(F)F
2451-62-9,O=C1N(CC2CO2)C(=O)N(CC3CO3)C(=O)N1CC4CO4
957-51-7,CN(C)C(=O)C(c1ccccc1)c2ccccc2
126-00-1,CC(CCC(O)=O)(c1ccc(O)cc1)c2ccc(O)cc2
104-66-5,C(COc1ccccc1)Oc2ccccc2
97-77-8,CCN(CC)C(=S)SSC(=S)N(CC)CC
6533-00-2,CC[C@]12CC[C@H]3[C@@H](CCC4=CC(=O)CC[C@H]34)[C@@H]1CC[C@@]2(O)C#C
24169-02-6,O[N+]([O-])=O.Clc1ccc(COC(Cn2ccnc2)c3ccc(Cl)cc3Cl)cc1
124378-77-4,CN([C@H]1CC[C@@]2(CCCO2)C[C@@H]1N3CCCC3)C(=O)Cc4cccc5occc45
145-73-3,[Na+].[Na+].[O-]C(=O)C1C2CCC(O2)C1C([O-])=O
124-07-2,CCCCCCCC(O)=O
17372-87-1,[Na+].[Na+].[O-]C(=O)c1ccccc1C2=C3C=C(Br)C(=O)C(=C3Oc4c(Br)c([O-])c(Br)cc24)Br
133855-98-8,Fc1ccc(cc1)[C@@]2(Cn3cncn3)O[C@H]2c4ccccc4Cl
474-86-2,C[C@]12CC[C@H]3C(=CCc4cc(O)ccc34)[C@@H]1CCC2=O
52479-85-3,Oc1ccc(c(O)c1O)C(=O)c2cc(O)c(O)c(O)c2
129299-90-7,[Cl-].Cc1[nH]cnc1C[C@H]2CCc3n(C2=O)c4ccccc4c3C.[H+]
2610-11-9,[Na+].[Na+].[O-][S](=O)(=O)c1ccc(cc1)N=Nc2ccc(N\N=C\3C(=O)c4ccc(NC(=O)c5ccccc5)cc4C=C3[S]([O-])(=O)=O)cc2
2353-45-9,[Na+].[Na+].CCN(Cc1cccc(c1)[S]([O-])(=O)=O)c2ccc(cc2)[C+](c3ccc(cc3)N(CC)Cc4cccc(c4)[S]([O-])(=O)=O)c5ccc(O)cc5[S]([O-])(=O)=O
2783-94-0,[Na+].[Na+].[O-][S](=O)(=O)c1ccc(N\N=C2\C(=O)C=Cc3cc(ccc23)[S]([O-])(=O)=O)cc1
49562-28-9,CC(C)OC(=O)C(C)(C)Oc1ccc(cc1)C(=O)c2ccc(Cl)cc2
71283-80-2,CCOC(=O)[C@@H](C)Oc1ccc(Oc2oc3cc(Cl)ccc3n2)cc1
111812-58-9,Cn1nc(C)c(\C=N\OCc2ccc(cc2)C(=O)OC(C)(C)C)c1Oc3ccccc3
101-42-8,CN(C)C(=O)Nc1ccccc1
69806-50-4,CCCCOC(=O)C(C)Oc1ccc(Oc2ccc(cn2)C(F)(F)F)cc1
188489-07-8,CCOC(=O)COc1cc(N2N=CC(=C(C)C2=O)C(F)(F)F)c(F)cc1Cl
72178-02-0,[Na+].C[S](=O)(=O)[N-]C(=O)c1cc(Oc2ccc(cc2Cl)C(F)(F)F)ccc1[N+]([O-])=O
69806-40-2,COC(=O)C(C)Oc1ccc(Oc2ncc(cc2Cl)C(F)(F)F)cc1
67485-29-4,CC1(C)CNC(=NC1)N\N=C(/C=C/c2ccc(cc2)C(F)(F)F)\C=C\c3ccc(cc3)C(F)(F)F
52806-53-8,CC(C)(O)C(=O)Nc1ccc(c(c1)C(F)(F)F)[N+]([O-])=O
630-56-8,CCCCCC(=O)O[C@@]1(CC[C@H]2[C@@H]3CCC4=CC(=O)CC[C@]4(C)[C@H]3CC[C@]12C)C(C)=O
186392-65-4,O[C@@H]1CN(C[C@@H]1O)C(=O)[C@H](O)[C@H](Cc2ccccc2)NC(=O)c3[nH]c4ccc(Cl)cc4c3
125225-28-7,CC(C)C1CCC(Cc2ccc(Cl)cc2)C1(O)Cn3cncn3
25311-71-1,CCO[P](=S)(NC(C)C)Oc1ccccc1C(=O)OC(C)C
33820-53-0,CCCN(CCC)c1c(cc(cc1[N+]([O-])=O)C(C)C)[N+]([O-])=O
51-30-9,[H+].[Cl-].CC(C)NCC(O)c1ccc(O)c(O)c1
34123-59-6,CC(C)c1ccc(NC(=O)N(C)C)cc1
59227-89-3,CCCCCCCCCCCCN1CCCCCC1=O
1166-52-5,CCCCCCCCCCCCOC(=O)c1cc(O)c(O)c(O)c1
129-73-7,CN(C)c1ccc(cc1)C(c2ccccc2)c3ccc(cc3)N(C)C
51-48-9,NC(Cc1cc(I)c(Oc2cc(I)c(O)c(I)c2)c(I)c1)C(O)=O
1634-78-2,CCOC(=O)CC(S[P](=O)(OC)OC)C(=O)OCC
2919-66-6,CC(=O)O[C@]1(C(C)=O)C(=C)C[C@H]2[C@@H]3C=C(C)C4=CC(=O)CC[C@]4(C)[C@H]3CC[C@]12C
41394-05-2,CC1=NN=C(c2ccccc2)C(=O)N1N
100-97-0,C1N2CN3CN1CN(C2)C3
1918-16-7,CC(C)N(C(=O)CCl)c1ccccc1
134-20-3,COC(=O)c1ccccc1N
60207-90-1,CCCC1COC(Cn2cncn2)(O1)c3ccc(Cl)cc3Cl
493-52-7,CN(C)c1ccc(cc1)N=Nc2ccccc2C(O)=O
119-36-8,COC(=O)c1ccccc1O
61-73-4,[Cl-].CN(C)c1ccc2nc3ccc(cc3[s+]c2c1)N(C)C
90-94-8,CN(C)c1ccc(cc1)C(=O)c2ccc(cc2)N(C)C
501-36-0,Oc1ccc(cc1)/C=C/c2cc(O)cc(O)c2
1746-81-2,CON(C)C(=O)Nc1ccc(Cl)cc1
4376-18-5,COC(=O)c1ccccc1C(O)=O
1214-39-7,C(Nc1ncnc2nc[nH]c12)c3ccccc3
103-69-5,CCNc1ccccc1
872-50-4,CN1CCCC1=O
82385-42-0,O.[Na+].[O-][S]1(=NC(=O)c2ccccc12)=O
88-12-0,C=CN1CCCC1=O
63449-68-3,Nc1ccccc1C(=O)Oc2ccc3ccccc3c2
4065-45-6,[Na+].COc1cc(O)c(cc1[S]([O-])(=O)=O)C(=O)c2ccccc2
63612-50-0,CC1(C)NC(=O)N(c2ccc(c(c2)C(F)(F)F)[N+]([O-])=O)C1=O
59-87-0,NC(=O)N/N=C/c1oc(cc1)[N+]([O-])=O
110-25-8,CCCCCCCC/C=C/CCCCCCCC(=O)N(C)CC(O)=O
125-13-3,Oc1ccc(cc1)C2(C(=O)Nc3ccccc23)c4ccc(O)cc4
125-31-5,Cc1cc(c(C)cc1O)C2(O[S](=O)(=O)c3ccccc23)c4cc(C)c(O)cc4C
311-45-5,CCO[P](=O)(OCC)Oc1ccc(cc1)[N+]([O-])=O
1114-71-2,CCCCN(CC)C(=O)SCCC
57-30-7,[Na+].CCC1(C(=O)NC(=O)[N-]C1=O)c2ccccc2
143-74-8,Oc1ccc(cc1)C2(O[S](=O)(=O)c3ccccc23)c4ccc(O)cc4
34487-61-1,[Na+].Oc1ccc(cc1)C2(O[S](=O)(=O)c3ccccc23)c4ccc([O-])cc4
81-90-3,Oc1ccc(cc1)C(c2ccc(O)cc2)c3ccccc3C(O)=O
92-84-2,N1c2ccccc2Sc3ccccc13
169590-42-5,Cc1ccc(cc1)c2cc(nn2c3ccc(cc3)[S](N)(=O)=O)C(F)(F)F
101-20-2,Clc1ccc(NC(=O)Nc2ccc(Cl)c(Cl)c2)cc1
26259-45-0,CCNc1nc(NC(C)CC)nc(OC)n1
81131-70-6,[Na+].CC[C@H](C)C(=O)O[C@H]1C[C@H](O)C=C2C=C[C@H](C)[C@H](CC[C@@H](O)C[C@@H](O)CC([O-])=O)[C@@H]12
32809-16-8,CC12CC1(C)C(=O)N(C2=O)c3cc(Cl)cc(Cl)c3
1071-93-8,NNC(=O)CCCCC(=O)NN
2312-35-8,CC(C)(C)c1ccc(OC2CCCCC2O[S](=O)OCC#C)cc1
111-40-0,NCCNCCN
181274-15-7,[Na+].CCCOC1=NN(C(=O)N=[S]([O-])(=O)c2ccccc2C(=O)OC)C(=O)N1C
121-79-9,CCCOC(=O)c1cc(O)c(O)c(O)c1
129630-19-9,CCOC(=O)COc1cc(c(F)cc1Cl)c2nn(C)c(OC(F)F)c2Cl
82640-04-8,[H+].[Cl-].Oc1ccc(cc1)c2sc3cc(O)ccc3c2C(=O)c4ccc(OCCN5CCCCC5)cc4
989-38-8,[H+].[Cl-].CCNc1cc2OC3=CC(=NCC)C(=CC3=C(c2cc1C)c4ccccc4C(=O)OCC)C
2597-03-7,CCOC(=O)C(S[P](=S)(OC)OC)c1ccccc1
1176-74-5,[K+].CCOC(=O)c1ccccc1C(c2cc(Br)c([O-])c(Br)c2)=C3C=C(Br)C(=O)C(=C3)Br
2492-26-4,[Na+].[S-]c1sc2ccccc2n1
824-78-2,[Na+].[O-]c1ccc(cc1)[N+]([O-])=O
4418-26-2,[Na+].CC(=O)[C-]1C(=O)OC(=CC1=O)C
41481-66-7,Oc1ccc(cc1CC=C)[S](=O)(=O)c2ccc(O)c(CC=C)c2
57-68-1,Cc1cc(C)nc(N[S](=O)(=O)c2ccc(N)cc2)n1
59-40-5,Nc1ccc(cc1)[S](=O)(=O)Nc2cnc3ccccc3n2
3689-24-5,CCO[P](=S)(OCC)O[P](=S)(OCC)OCC
6259-76-3,CCCCCCOC(=O)c1ccccc1O
149-57-5,CCCCC(CC)C(O)=O
13071-79-9,CCO[P](=S)(OCC)SCSC(C)(C)C
57-85-2,CCC(=O)O[C@H]1CC[C@H]2[C@@H]3CCC4=CC(=O)CC[C@]4(C)[C@H]3CC[C@]12C
67-63-0,CC(C)O
36062-04-1,COc1cc(CCC(=O)CC(=O)CCc2ccc(O)c(OC)c2)ccc1O
83-67-0,Cn1cnc2N(C)C(=O)NC(=O)c12
1156-19-0,Cc1ccc(cc1)[S](=O)(=O)NC(=O)NN2CCCCCC2
24017-47-8,CCO[P](=S)(OCC)Oc1ncn(n1)c2ccccc2
5915-41-3,CCNc1nc(Cl)nc(NC(C)(C)C)n1
112-49-2,COCCOCCOCCOC
64-17-5,CCO
64091-91-4,CN(CCCC(=O)c1cccnc1)N=O
2226-96-2,CC1(C)CC(O)CC(C)(C)N1[O]
3913-02-8,CCCCCCC(CO)CCCC
72-33-3,COc1ccc2[C@H]3CC[C@@]4(C)[C@@H](CC[C@@]4(O)C#C)[C@@H]3CCc2c1
105-13-5,COc1ccc(CO)cc1
106-25-2,CC(C)=CCC\C(C)=C/CO
104-40-5,CCCCCCCCCc1ccc(O)cc1
108612-45-9,CN(C1CCN(CC1)c2nc3ccccc3n2Cc4ccc(F)cc4)C5=NC=CC(=O)N5
4394-85-8,O=CN1CCOCC1
111-76-2,CCCCOCCO
6425-39-4,C(CN1CCOCC1)OCCN2CCOCC2
125116-23-6,CC1(C)CCC(Cc2ccc(Cl)cc2)C1(O)Cn3cncn3
97-74-5,CN(C)C(=S)SC(=S)N(C)C
2943-75-1,CCCCCCCC[Si](OCC)(OCC)OCC
3445-11-2,OCCN1CCCC1=O
91-76-9,Nc1nc(N)nc(n1)c2ccccc2
5232-99-5,CCOC(=O)C(C#N)=C(c1ccccc1)c2ccccc2
88-27-7,CN(C)Cc1cc(c(O)c(c1)C(C)(C)C)C(C)(C)C
81-07-2,O=C1N[S](=O)(=O)c2ccccc12
5124-25-4,[O-][N+](=O)c1cc(ccc1Nc2ccccc2)[S](=O)(=O)Nc3ccccc3
